{"cameraMode":{"drawMode":0,"name":"Shaded","section":"Shading Mode"},"sceneLighting":true,"audioPlay":false,"sceneViewState":{"showFog":true,"showMaterialUpdate":false,"showSkybox":true,"showFlares":true,"showImageEffects":true,"showParticleSystems":true},"in2DMode":false,"pivot":{"x":-8.176153182983399,"y":-13.659481048583985,"z":21.515836715698243},"rotation":{"x":-0.2820536196231842,"y":0.25834351778030398,"z":-0.07915425300598145,"w":-0.9205673933029175},"size":30.98796844482422,"orthographic":false}