{"cameraMode":{"drawMode":0,"name":"Shaded","section":"Shading Mode"},"sceneLighting":true,"audioPlay":false,"sceneViewState":{"showFog":true,"showMaterialUpdate":false,"showSkybox":true,"showFlares":true,"showImageEffects":true,"showParticleSystems":true},"in2DMode":false,"pivot":{"x":-27.43642234802246,"y":31.68627166748047,"z":32.69966125488281},"rotation":{"x":-0.2613093852996826,"y":0.09882023185491562,"z":-0.026904212310910226,"w":-0.9598064422607422},"size":118.13258361816406,"orthographic":false}